geohash,latitude,longitude
geohash,latitude,longitude
dp3wuhz,41.994995,-87.70453
dp3ts4g,41.7644,-87.7097
dp3w6ry,41.9236,-87.7825
dp3w6ry,41.9238,-87.7826
dp3wdbh,41.9239,-87.7639
dp3wdbh,41.9241,-87.763
dp3we0p,41.9241,-87.748
dp3t5vw,41.6912,-87.7172
dp3wutf,42.0003,-87.6898
dp3wsx5,41.9623,-87.6886
dp3ts8z,41.7526,-87.6828
dp3ts8z,41.75269,-87.6831
dp3ts87,41.7502,-87.6874
dp3tu8n,41.79249,-87.6839
dp3teb6,41.7504,-87.7218
dp3teb6,41.7505,-87.7221
dp3tebk,41.74969,-87.7196
dp3wm0s,41.8832,-87.6641
dp3wsqu,41.9611,-87.697
dp3wsmm,41.9539,-87.6962
dp3wsmt,41.9541,-87.6966
dp3tu8n,41.7928,-87.6842
dp3whej,41.8534,-87.6855
dp3whej,41.8536,-87.6858
dp3ttce,41.7564,-87.6338
dp3v253,41.723,-87.537
dp3w5vb,41.8676,-87.7254
dp3tu0r,41.7936,-87.7042
dp3tmnv,41.7417,-87.6631
dp3wt49,41.9383,-87.6685
dp3tu9y,41.8028,-87.6837
dp3twe0,41.7647,-87.6037
dp3w97v,41.945,-87.8282
dp3wv5c,41.98891,-87.66856
dp3wt06,41.92642,-87.66806
dp3tm1g,41.71398,-87.66672
dp3tk86,41.7065,-87.6892
dp3thz8,41.70148,-87.68162
dp3w4yg,41.8733,-87.7645
dp3w7dy,41.8952,-87.7277
dp3tx1g,41.75869,-87.5785
dp3w5v8,41.8674,-87.7251
dp3tmnv,41.7425,-87.6634
dp3wf93,41.9758,-87.7786
dp3w97y,41.945,-87.8271
dp3whk7,41.8604,-87.6987
dp3wss5,41.946,-87.6884
dp3wtr5,41.9626,-87.6555
dp3wuh5,41.9903,-87.7095
dp3wsbr,41.9262,-87.6709
dp3wd6k,41.93699,-87.7857
dp3wec2,41.9318,-87.7254
dp3wdmq,41.9531,-87.7828
dp3tt36,41.756,-87.657
dp3wq1u,41.89009,-87.6204
dp3whme,41.8664,-87.6991
dp3wmgk,41.8988,-87.6313
dp3wsxn,41.9623,-87.6846
dp3wmhk,41.9035,-87.6644
dp3whhh,41.8591,-87.7083
dp3wefb,41.9397,-87.7251
dp3wmgn,41.8966,-87.629
dp3wk5x,41.89929,-87.7045
dp3w97t,41.9442,-87.8275
dp3w7dx,41.8945,-87.7262
dp3twe0,41.7652,-87.6048
dp3wt49,41.9388,-87.6688
dp3wksk,41.90379,-87.6872
dp3wd5c,41.94543,-87.80021
dp3wg97,41.9755,-87.7317
dp3wghr,41.9921,-87.7485
dp3tgf5,41.8036,-87.721
dp3te8m,41.74949,-87.7289
dp3v20w,41.7076,-87.5298
dp3tjbe,41.6632,-87.6337
dp3wj8c,41.8408,-87.6463
dp3tgb6,41.79399,-87.723
dp3tgdu,41.8078,-87.7301
dp3tes0,41.77129,-87.7358
dp3wmgn,41.8968,-87.6288
dp3ws2p,41.9249,-87.6941
dp3wmjf,41.9117,-87.6676
dp3wksk,41.9039,-87.6869
dp3wksj,41.9029,-87.6858
dp3trjz,41.737,-87.5729
dp3wf6b,41.983,-87.7908
dp3tu0r,41.7934,-87.7043
dp3tmpp,41.743,-87.6611
dp3w5zm,41.8771,-87.7182
dp3wjyz,41.8738,-87.6277
dp3wsx4,41.9624,-87.6889
dp3wtr4,41.9629,-87.656
dp3wcxz,42.0116,-87.8142
dp3ttcs,41.7571,-87.6318
dp3wgk1,41.9898,-87.7462
dp3wgk1,41.99,-87.7453
dp3wst3,41.9539,-87.6913
dp3tvsu,41.8189,-87.6425
dp3twjx,41.7793,-87.6161
dp3wes0,41.9466,-87.736
dp3wfbh,41.9678,-87.7639
dp3wg22,41.9701,-87.7477
dp3wdvf,41.9557,-87.7669
dp3tgb3,41.79419,-87.7233
dp3tebh,41.7494,-87.7191
dp3wdv7,41.9533,-87.7643
dp3wtm8,41.9545,-87.6589
dp3tjjs,41.6907,-87.6641
dp3ty26,41.7935,-87.6119
dp3wd69,41.9384,-87.7891
dp3w7dy,41.8954,-87.7277
dp3wmjf,41.9118,-87.6679
dp3w4yg,41.8736,-87.7648
dp3ttc7,41.7561,-87.6336
dp3v253,41.7228,-87.5376
dp3w7tq,41.90999,-87.7281
dp3wk7c,41.9014,-87.7021
dp3wseg,41.9456,-87.6881
dp3tgf1,41.8033,-87.7233
dp3tgc9,41.8014,-87.7235
dp3wjyz,41.8738,-87.6274
dp3tu9s,41.801,-87.6861
dp3wmhk,41.9033,-87.6649
dp3wu1r,41.9759,-87.7048
dp3ty3n,41.7977,-87.6064
dp3v254,41.7207,-87.5354
dp3tqz2,41.7442,-87.5933
dp3w4xx,41.8772,-87.7704
dp3weff,41.939,-87.7226
dp3tgdg,41.8076,-87.7318
dp3wq1u,41.89,-87.6202
dp3wt03,41.9262,-87.6683
dp3tuvd,41.8232,-87.678
dp3wg0h,41.9679,-87.7523
dp3w7wp,41.9134,-87.7266
dp3wg9n,41.9743,-87.7282
dp3tvwv,41.8297,-87.6413
dp3wfbk,41.9692,-87.764
dp3wd6d,41.9382,-87.7877
dp3tv22,41.79419,-87.6587
dp3tv23,41.7936,-87.6579
dp3whpq,41.8766,-87.7061
dp3wq4j,41.8909,-87.6193
dp3ts78,41.7677,-87.7027
dp3ts7b,41.7691,-87.703
dp3whme,41.8666,-87.699
dp3wss1,41.9466,-87.6905
dp3tq55,41.7216,-87.6215
dp3tq5h,41.7219,-87.6214
dp3tu9t,41.8012,-87.6859
dp3w7bj,41.88089,-87.7179
dp3wkpt,41.92199,-87.707
dp3we6g,41.939,-87.7431
dp3w6yv,41.9182,-87.7623
dp3tu8k,41.7937,-87.6872
dp3weff,41.9393,-87.7228
dp3whr8,41.8772,-87.7029
dp3wd6k,41.93699,-87.786
dp3twjv,41.78,-87.6198
dp3w7tm,41.9097,-87.7286
dp3tu20,41.79249,-87.7037
dp3twe1,41.7658,-87.6036
dp3wmyd,41.9159,-87.6344
dp3tmtd,41.73469,-87.6459
dp3wm4h,41.891,-87.6646
dp3wtpc,41.9676,-87.6695
dp3tr2e,41.7081,-87.5676
dp3wj3t,41.8442,-87.653
dp3wtn1,41.9568,-87.669
dp3tu03,41.7935,-87.7121
dp3xj0j,42.0122,-87.663
dp3ws2v,41.9286,-87.6958
dp3wjpx,41.8778,-87.6611
dp3wds7,41.9473,-87.7765
dp3wuc1,41.974,-87.6793
dp3wf17,41.9756,-87.7986
dp3wtb6,41.9258,-87.6349
dp3wff1,41.98,-87.7683
dp3wv5z,41.9887,-87.6601
dp3wvke,41.9938,-87.6554
dp3tw3p,41.75372,-87.60533
dp3wukj,41.9906,-87.6962
dp3tvp7,41.83244,-87.66575
dp3wfyj,42.0014,-87.7625
dp3tw71,41.76569,-87.61362
dp3tqq2,41.7386,-87.6147
dp3wmvg,41.9122,-87.633
dp3tqn8,41.73991,-87.62662
dp3wfk5,41.99002,-87.78753
dp3tvej,41.80901,-87.6416
dp3wj4v,41.8523,-87.6631
dp3wm85,41.8799,-87.644
dp3tqn2,41.73878,-87.62561
dp3tevf,41.78033,-87.72263
dp3wedv,41.939,-87.72888
dp3tevf,41.78037,-87.72297
dp3wjq6,41.87141,-87.6569
dp3wjxu,41.87876,-87.64267
dp3tu6g,41.80827,-87.69862
dp3tewu,41.78593,-87.7301
dp3wh1p,41.84211,-87.7051
dp3tm87,41.70684,-87.6448
dp3tuwt,41.8278,-87.6851
dp3wnpc,41.87944,-87.62452
dp3wnpd,41.87744,-87.62408
dp3we9r,41.9307,-87.7269
dp3wq4p,41.89179,-87.61597
